sea_surface_temperature,lat,lon
0.67205507,4.510693,0.6848863
-1.8299308,-3.890076,-0.25428903
0.7913547,-6.545031,0.1452636
-0.64853716,-3.049924,-0.25238043
-0.646117,-5.8550706,-1.5938851
-0.94934934,-5.7103176,-0.2165928
0.041101538,-6.0934277,-0.5566968
-1.6370274,2.4980736,0.91807413
-1.9253218,-4.091627,0.21974404
-0.3166474,-3.1572688,-0.72945595
1.1591977,4.2611966,0.820564
0.6887013,0.5973982,-0.5613895
-1.9469696,-3.9964333,-0.13463444
-0.16779132,-2.1973982,-1.2760959
-1.0925689,-5.898367,-0.13928793
0.24654342,-0.21707131,-1.1473243
-0.6705414,-5.9510846,-0.375944
-1.3512224,-5.6717525,0.21645086
0.17744529,-1.1473542,-2.2005928
0.10612483,-6.1933208,-0.5218264
0.43780813,0.9761377,-0.97759426
0.36917195,-1.6430023,-0.2711391
-1.0370095,-5.7694817,0.035080004
-0.0069070496,-3.563461,-2.1640787
-1.0847785,-5.863659,-0.19227228
0.27945986,-3.3246791,-0.76166487
0.7266342,-3.6917496,-1.2768406
2.6273475,1.3557762,0.38097605
-0.7895723,-4.052728,-0.39763433
0.37871882,-2.1372364,-0.37880695
-0.35132462,-6.215252,-0.0061753555
1.2458255,1.3563383,0.9952932
-1.5175003,-3.3327982,-2.6180692
-2.0614908,-2.630708,-2.205049
4.219162,-0.4722561,0.118691556
-0.09082903,-6.495091,0.0039798077
0.4560429,-2.8235795,-0.38248366
-0.54050595,-4.0750875,-0.68407995
2.9077864,1.9672923,1.2333752
-0.9537467,-5.4888444,-0.29625842
-0.13212363,-6.4333744,-0.28967285
0.64051855,-1.3851831,-1.4227241
-0.3481739,-6.305259,-0.097503416
-0.88235724,3.510413,0.7400402
1.1965362,-1.0453199,-1.2007552
-2.3926392,-3.7525692,-0.33331683
2.31467,-1.7908463,0.3389749
-0.31781653,-3.832526,1.0208623
-0.09419981,-6.408829,-0.21020894
-0.38277465,-5.9053273,-0.43919703
-0.6632175,-4.664448,-0.31847343
-1.1117091,-5.516077,0.10207333
0.057088956,-6.1664977,-0.35768083
-1.0037913,-6.641746,1.1010337
2.014076,-0.6177706,-0.8116587
-1.0806825,-5.731001,0.080941506
-0.5169674,-3.3724365,-0.35551453
1.6350739,3.3324344,0.9055168
-1.6358966,7.1513786,-1.3954148
-1.0211593,-4.579867,-0.8278224
-0.4559977,-6.1950083,-0.091441244
1.7294536,1.7284633,0.3987119
-0.89775723,3.7991514,-0.004345607
1.4483896,3.5113575,0.76856065
2.7379174,1.5724181,1.5111244
1.8748251,2.4671779,1.0735321
0.65912384,-5.203548,-2.2069705
-0.91564786,-4.0467362,-0.7093671
-1.1397403,-3.7902184,-2.072683
0.69445384,0.5659317,0.5918966
0.75711113,-6.5306835,0.16515869
-2.071679,1.7825997,1.6259569
-0.8438099,-5.4491444,-0.47845653
-0.01642846,-6.00611,-0.53669703
0.9522238,4.174764,0.76791275
-0.75898963,-4.7699366,-0.605675
-0.65886587,-3.0340967,-0.25787863
-0.9863509,-4.5170727,-0.12988672
-0.94515795,-5.496701,-0.2969903
-0.67713785,-6.024097,-0.43115252
0.0023448411,-6.5633965,-0.04797149
0.5224128,-3.3891902,-2.547349
1.469925,1.7760388,0.7248034
-1.909041,2.2424114,-0.10618613
-0.89946884,-5.6839657,-0.08427187
-0.13416572,0.075881764,-0.41804338
-1.6021696,2.9167404,-0.47655994
0.5901594,-1.1463704,-0.6211289
-1.8289195,-3.0751836,-1.858976
0.012057474,-6.549478,-0.07160233
1.5948956,3.1467996,0.83623713
-1.0746334,-5.839521,-0.052784882
-0.049588844,-6.5373216,-0.08927046
-0.99172825,-5.7735753,-0.015928166
-0.5582749,-6.1859517,-0.2292212
2.3763251,2.370641,1.3891556
-0.0027034916,-3.1150796,-0.637637
1.5327483,3.9115582,0.6031935
-2.4991083,-2.402028,0.93192214
-0.2092766,-6.42763,0.22998497
-1.0732147,-3.9772816,-0.87225586
-1.3472478,-5.6941576,0.23488039
-0.053077057,-6.2406178,-0.69691634
0.16942123,-2.8878598,-3.164921
0.09424349,-0.11081326,-0.8719102
-0.7955156,-6.1088905,-0.234979
-1.3047615,2.9918938,-2.5329595
-0.7318782,-5.5624003,-0.37324697
-1.1092684,-5.7714205,-0.09019175
0.8995267,-6.103541,-0.6235589
-0.829851,6.914087,-0.3840159
-0.11312616,-5.2027516,-0.38440627
-1.0718579,-5.7445717,-0.25045866
-0.14145389,-6.2108574,-0.26380944
-0.5164538,-4.7920184,-1.9928188
0.054194108,-6.2733307,-1.4098622
-1.5398042,-2.509535,0.47592613
-1.0091728,-3.3164911,-2.2747374
-0.14283638,-6.138357,-1.3855047
1.633399,2.214993,0.8052217
-1.2808295,3.5803576,1.5021408
0.6689203,-4.388749,0.06667663
-1.1169646,-5.727128,-0.17697322
-0.123509705,-6.6658297,-0.7509668
-1.6038169,-2.8742654,-0.74227273
1.6777418,0.64188683,-1.7023995
-2.3913937,-3.1576948,-1.0257657
-0.9158001,-5.431704,-0.5106291
0.081629135,-6.0241947,-0.079973236
-1.6164467,-2.9136405,-1.7613491
-1.055987,-5.8240104,-0.26071262
-1.9057517,-3.2709746,-0.9162652
-0.96350473,-5.8341255,-0.26316434
-1.3314599,-5.682385,0.20732084
-0.93465537,4.007402,1.2980564
2.218013,-0.37134537,0.11046768
0.56290746,1.1361016,-0.45445865
-2.5436108,-3.9101374,-0.5155383
-0.476086,-4.5720706,-2.0589807
-0.303177,0.14298911,0.49859563
2.57243,1.9149735,0.2632347
-1.3475622,-3.6569614,-2.0066197
0.8065881,-3.6656787,-1.4105808
-1.3630483,-5.731432,-0.046231013
-2.1966922,-3.0801551,0.32205406
-2.8499508,2.606014,-0.5446876
-0.5998601,-3.825882,-0.090022705
1.03386,4.3094525,-0.1894903
0.44831148,0.01438218,0.38451824
1.8019578,-0.035019867,0.03609243
0.012605621,-6.5497527,-0.07187639
0.79116434,-6.545014,0.14543632
-2.0258932,2.073693,-0.5130194
1.7793989,-1.0178766,-0.7481744
2.422358,-5.4078526,-0.7299162
-1.023825,-5.7576885,-0.25283563
-0.119628005,-1.4899747,-1.8629903
-0.014913294,-3.5309472,-1.9830724
-1.8647318,2.653579,0.28104955
0.9356342,1.1341525,3.016487
0.89004266,-5.0910296,-0.8241474
0.26303566,-6.2948236,-0.43982717
0.8571787,1.202521,-1.0082736
-1.8101587,2.6192508,-0.8025665
0.0642351,-6.089874,-0.44145122
-0.43090206,-5.507927,-0.9057243
-1.7112792,-3.885904,0.07217749
-2.0933332,-3.6660306,-0.33331597
-0.13301067,-3.8035579,-2.5837212
1.9256321,3.1209152,1.173674
-3.436951,-2.5768368,0.7696436
-0.023443561,-6.562871,0.11922532
1.5075122,3.4105117,0.8746898
-2.7625847,1.6886618,0.41599378
-0.40103126,4.961876,0.7523211
-0.80191404,-5.5728245,-0.3446239
0.66536206,-0.6157633,-1.1596166
-0.10468039,-6.20492,-0.1810901
0.1902402,-0.097985044,-1.13722
1.7671105,2.576629,1.2332859
1.4245577,3.6328692,0.90966964
0.6618569,1.0059958,3.1249347
0.70275784,1.0837704,1.1704345
-1.0652612,-3.4139817,-1.1194577
-1.3944132,3.0398273,-1.0251454
-1.661403,-3.5284903,-2.3495083
-1.5314342,1.9949868,-2.413816
0.47432086,-1.6388538,-1.9332021
0.9037913,2.0435073,0.1396504
0.29658863,-6.410423,-1.1873403
-0.86737233,-6.0175323,-0.82826465
-2.3835166,-3.062369,-0.60247767
0.6169727,-0.6437357,-1.0832549
-0.9329885,3.4330485,0.027759535
1.0785719,1.8312448,-1.9482851
-0.041025456,-6.1244226,-1.818115
-2.5247715,2.3204644,-2.238664
0.054830533,-1.3916931,-2.2425075
-0.643464,-4.1915774,-0.6867741
-0.034064434,-6.0733604,-0.50159705
-0.90563023,-5.9646425,-0.3047962
-1.1977967,-6.3427005,1.1910925
0.07006758,-1.4940186,0.87107414
-0.11497508,3.885515,-1.9915783
0.027434802,-1.5309005,-3.472456
1.4545364,-1.0820569,1.7594153
1.2770374,2.9619896,-0.9374426
0.42573187,-0.605018,0.24348348
-0.063681796,-6.102249,-1.912768
0.26900283,-1.580626,-2.8137925
-2.3881342,-4.485066,0.22668749
-1.8929769,-3.8740354,-0.20717838
-1.677865,-3.5474029,-0.43168235
-1.7984155,-4.0249815,-0.062109727
-0.38628304,-5.9152894,-0.42572615
-0.9867973,-5.5948057,0.013033008
-0.1176186,-6.682193,-0.6765915
0.55436534,-2.949606,-1.5079906
3.0801876,0.5928702,-0.19838662
-0.8891705,-4.243266,-0.9073571
-0.8319877,-3.564205,-2.4702425
-1.9756805,-3.9817977,0.16027337
-0.8922413,-5.779831,0.0565939
-0.8709896,-5.9501886,-0.35532138
0.17476696,-2.116239,-1.3829558
1.4455445,2.547193,-0.4020851
1.7150036,0.522478,0.39663237
0.94836307,-0.13678445,4.0698943
-0.6508428,0.013498295,-1.3056532
-0.63857335,4.5942082,1.0025607
0.11731088,-6.219725,-0.5933312
-1.008347,-5.892913,-0.11629905
-0.6124047,-5.905005,-1.5403994
-0.13085747,-6.370621,-0.21669891
-0.889372,-5.8693595,-0.24016365
0.62840605,-3.160564,-1.5025674
0.35367173,0.712769,-2.9474316
-0.7074645,-6.0562296,-0.4114792
4.160973,-0.4026793,1.0418752
-1.3676654,2.6619003,2.497293
-1.3919241,-5.0242467,0.5545979
2.1270866,-1.247795,1.0118606
5.409947,-1.620917,1.165989
1.4299905,3.4005184,1.0175073
0.1459995,-1.228792,-1.8354474
0.49636704,-2.417997,-0.68259573
1.3449152,2.3631074,0.76736957
0.6422682,-5.6220655,-2.0405965
-0.48731303,-5.654254,-0.5764713
-1.0622941,-5.836009,-0.07257807
-1.2785163,-1.1597834,0.98290217
-2.5125542,-3.4698768,-0.8504052
0.601498,-6.05127,-0.49869666
-0.103572346,-3.4314256,0.1799187
-0.9127683,-5.300396,-0.40745378
1.7671105,2.576629,1.2332859
0.16436414,-5.984705,-1.8570653
0.37214568,-2.1382806,-2.2186415
-0.15950805,0.99879843,0.38798818
-0.92381585,-5.8596964,-0.07148388
-0.003030202,-5.7095118,-0.837278
0.6987329,-5.9189625,-1.4782121
-0.9365278,-5.84878,-0.27548864
0.48658255,-3.1328583,-2.5817165
-0.6041569,6.5392327,0.29697824
1.284701,1.873982,1.2700016
-0.9579207,-5.619148,-1.4041057
0.030324873,-6.5150814,-0.20981729
1.8666469,2.6511366,1.230985
-0.9683912,-3.461772,-2.7564578
-0.19949731,0.99580157,0.80124545
0.7578085,1.2190008,-3.0284977
2.8525896,-2.2415905,-1.9114621
-1.1095655,-5.483298,-0.11429838
3.8763704,-0.3355919,0.9411995
-0.7086257,-5.7945833,-1.6062409
0.061640996,-5.407016,-0.017319301
0.654977,2.151454,-0.7622012
-0.3872786,3.901866,-1.0579666
1.4588826,2.6061049,-0.6910217
-1.2174447,-4.735722,-0.080103
1.6088811,-0.7061842,-0.6689228
-1.6299784,7.151765,-1.3471156
-1.4331436,3.5493417,1.213492
-1.5025969,-5.6063643,0.19448411
-2.8335056,-3.2517543,0.2294773
-0.96621454,-4.366898,-0.391282
-0.021589972,-3.1410065,-0.69581115
0.8013349,4.392611,-0.21208721
-0.5025795,-6.111579,-0.41573122
-1.1856205,-5.74615,0.6581037
-0.50225586,3.8490217,-0.2030347
0.12089932,-6.259606,-0.4703161
0.47338787,-1.6554294,-1.4607517
-0.67713785,-6.024097,-0.43115252
-1.0407733,-5.791708,-0.2773729
1.1543194,3.3610523,-1.1790179
-0.10147552,-6.0920177,-1.8724716
-0.05971191,-6.4256186,0.016234312
0.6819905,-5.5637856,-2.0736654
2.122292,2.4149253,1.3017979
-0.08225989,-6.2025356,-0.39554965
-0.76545584,-6.1562166,-0.8054386
-0.2257418,-3.9623475,-1.2890726
-1.0408707,-5.782784,0.22023663
-0.8556014,1.966708,1.2424331
-1.9681466,-3.3080845,0.11638977
0.90173626,-6.1531982,-0.48938754
-1.871898,-3.2067492,-0.6006151
-0.9065571,3.615782,-2.3902748
-0.491857,-5.880448,-0.30294627
-1.0353739,-4.446531,-0.8080754
-1.1850039,-3.8193278,-2.1787894
0.17911926,-3.197188,-1.6436602
-1.0953724,5.627112,0.48752162
-0.86745256,-5.6071916,-0.24471804
1.0604105,4.055083,-0.2231279
0.4261084,-2.9397628,-0.36970255
-0.78736264,-6.0181866,-0.9583378
-1.1419022,-5.696764,-0.27118993
-2.7026637,2.546379,-1.8291247
-2.580589,-3.9791813,-0.40951574
-1.305259,-5.7054553,0.26606786
-2.9534595,2.952605,-2.0127022
0.9768481,3.8510861,1.0307934
-1.1734158,-5.767251,-0.080399364
-0.53251404,3.6470504,-0.01225353
-0.2048795,-2.9824378,-1.0724169
1.316954,4.6402884,0.7021247
0.6605507,-6.115754,-0.60185647
-1.1350445,-3.8096156,-0.60224915
-1.5327634,2.9258363,-2.0628285
-0.8455865,-5.821431,-0.2279937
0.29940045,-0.11894918,-2.6244009
-0.31894,-0.4616656,-0.56154895
-0.19189055,-6.2498307,-1.1220629
1.5657681,1.380211,2.0639887
-1.1325374,-5.8585615,-0.00678537
0.11457006,-6.2753057,-0.44828707
-3.2372992,2.068377,-2.2630925
0.113387085,-5.966404,-1.8903079
-0.58034027,-0.19124177,-0.4553133
-2.1436834,5.4378395,-1.8870031
-0.90772563,-5.2925005,-0.4203911
-1.1288666,-4.280176,-0.8517058
0.31626442,-5.9961247,-1.3523124
-2.0481036,3.1680532,-1.958978
0.16497748,-3.8920586,-1.5459046
-1.1907344,2.1306505,2.3773482
-3.1271687,-3.1941009,-0.97961146
-0.42129466,0.2616735,-0.33284217
-1.1095678,-5.7577453,-0.30918548
0.005916927,-6.035393,-0.4376136
-0.9622361,-5.9308887,0.069500625
0.43601468,-0.9762932,0.09746219
-0.16284968,-6.4509044,0.020579852
3.0317492,1.1213051,0.79465735
-1.2944716,3.0476143,2.1173415
0.26656702,1.3841095,0.37703842
2.3619087,1.367245,1.1154581
-1.70981,-3.794888,0.3103755
-0.9709645,-5.8171887,-0.23434713
0.43430412,-1.4115511,-2.690387
1.0281334,4.297197,1.6574097
0.75301933,-5.5734563,-2.067179
-0.7879751,-5.6576896,-1.1525451
-0.76542634,4.268052,1.2235637
-0.2886234,-1.6067315,-1.5784903
0.74469537,-0.79110456,-1.1705624
2.729651,1.6616584,0.24035023
-1.3216702,2.8783183,-2.4960265
0.20409334,-0.22912626,-0.6400924
0.304181,4.3014364,0.80548495
-1.174778,-3.7866244,-0.6831
0.7448563,1.4725754,-1.6785597
-0.5954915,4.5938315,0.9195453
0.733352,-5.955874,-0.28135207
-3.0845995,-3.241944,0.115973845
-1.6603423,-2.816888,-0.68832505
-1.0426985,-5.811774,-0.3220255
-0.81686074,3.2613702,-2.144705
-0.84473884,-6.1747518,-0.63362914
-2.1065724,2.226003,-0.8853641
-0.9578774,-4.399005,-0.34743914
-2.3900042,-2.6407118,0.19788553
-1.9892548,-3.224021,-0.8479091
1.3179122,-0.88298905,-0.62326473
1.7853092,1.9041789,0.8631139
0.04726001,-4.574315,-1.0390618
-0.29633054,5.7907,1.0023946
-0.7006812,-2.9082282,-0.6798831
0.29651806,-6.3705873,-1.2271053
-1.0978955,-4.1717205,-0.8672783
-1.437456,-5.582464,0.2603021
-0.63140225,5.7652507,0.9139527
-1.5505952,1.4075772,-2.4162934
-0.41475463,-3.2374954,-0.9342534
-2.4889536,3.4744549,-1.524077
1.3176352,4.6435375,0.69819546
-1.1151724,-5.9799924,-0.16403012
-3.3360565,-4.413121,0.6220434
0.053580552,-6.17646,-0.34420994
1.9140216,1.6922772,0.67148685
0.038596347,-6.2487044,-0.07590432
-0.91677046,-6.6154175,1.057065
-0.5208916,3.7190235,1.1447724
-0.9477267,-5.5434513,-1.3090938
-1.5487182,-3.025083,-1.4479629
-0.26626804,-6.3553166,-0.0008514705
-2.084333,-3.8849022,0.17203012
-0.436067,-4.14325,-1.0539585
-2.0063612,-3.9380612,0.1472172
2.3831277,1.5938736,0.51698405
0.67958057,0.8419992,0.3744686
-1.2936486,3.4115613,2.211038
-0.060222317,-6.27192,0.19866881
-0.8135355,-4.0210195,-2.0975103
0.0013750375,-0.8377922,-1.2220998
-2.0996785,-3.033204,0.18590821
-1.0644306,-5.5120387,-0.2568218
-3.3192313,-2.2944741,0.3560386
-0.80713034,-6.1436086,-0.6496885
-1.24506,-6.287747,1.1834021
-0.7037044,-3.4571197,-0.73283416
0.09467617,-6.2114615,-0.35030448
-2.8266351,-2.834347,-0.038800072
-2.3478134,1.9900045,-2.245442
4.0940824,-1.0807234,1.0873445
0.14909256,-6.3682137,-1.1330504
-0.8031298,-6.139608,-0.6576895
-0.74388987,-3.6093812,-1.5691777
-0.5512538,3.518957,-2.0952768
-1.0157889,5.7637806,0.6748657
-1.0998877,-3.4864523,-0.8689332
-0.44120172,-5.88284,-0.53276545
-1.050364,-5.770314,0.693253
-0.7501404,-2.5394845,0.6380368
0.34215996,-3.567741,-2.1716926
0.35870528,-3.7951047,-1.2793483
0.30871516,-2.5440059,-0.6492028
1.8516972,2.7617497,1.1976005
-1.9665267,-2.9468193,-2.6324944
-0.9462615,-5.928612,-0.03414698
-0.22774996,-6.340535,-0.18759264
1.3154752,3.3086936,-0.06130891
1.4745227,-2.6926804,-0.36607686
1.5107523,3.8648632,0.79435337
-1.4284912,3.0457277,2.8031158
0.1459995,-1.228792,-1.8354474
-0.4832811,3.7278905,-1.253216
-1.2197602,-3.9834473,-1.196363
-0.92637163,-5.233162,-0.5040528
-0.8481132,-4.0880594,-0.30763364
-2.0486162,-3.3708682,0.5880259
0.82041204,2.1367075,0.47528943
1.330105,1.1981831,1.6759217
2.4355052,1.4578615,1.454626
0.24487908,-6.309637,-1.1683128
2.5743833,1.263941,0.79654515
-0.42619577,-2.936502,-0.11987065
0.7679616,-6.067257,-0.60669583
1.0676894,1.4235117,-0.53983253
-0.9912768,-5.82813,-0.24138811
3.2965791,1.3256129,0.8349812
1.29287,0.9232752,1.904193
-0.03308257,-4.8779874,-0.971173
0.6542316,0.96892023,3.1696355
-1.1265281,-5.7812285,0.010261511
-1.1024095,-4.5093093,-0.11959721
0.47669783,-5.8375535,-1.8741778
-1.3319759,3.6949222,1.3687369
-3.0487084,-4.1610756,0.4934018
-3.3380501,-2.5991797,0.73627716
-1.0902303,-5.9918213,-0.11050072
0.19154003,4.586595,-0.096716404
-2.5539348,-3.4277835,-0.8511182
-1.0010768,-3.8782992,-0.21429665
1.6034306,3.2600996,0.76162714
-0.8748937,-4.0653777,-0.7314807
0.7004995,-5.0955496,-0.39687476
-1.2817596,3.499638,2.1954885
-1.5198965,-3.135419,-1.3949263
-0.122612454,-3.021689,-0.47551793
-0.8928034,-5.767002,0.044327125
-0.63328284,3.4918835,-0.62199926
1.2532115,2.4829595,-0.037422843
-0.39115077,-5.8805585,-0.5423124
-0.8920805,-5.910663,0.031332664
-0.6775732,-2.8625693,-0.03945885
-0.10520006,-6.5307064,-0.09920208
-0.41340023,-5.8750153,-0.5683922
-0.008953555,-5.9527917,-0.5053447
-0.18971479,-5.8033032,-0.32576418
-0.56328845,3.7324533,-0.702196
-1.9838808,6.942307,0.48943064
-0.1742443,-4.0094404,-2.4070632
-2.9515748,1.8186039,-2.2718408
0.2495036,-1.3579544,-3.0092638
-0.835785,-4.0056524,-0.49901712
-0.7029253,-0.31317708,-0.5268253
1.4074414,3.215727,0.7644135
1.2173439,1.9211599,-1.7703468
-0.9454698,-4.2792516,-0.44661862
-0.8153596,-6.0908937,-0.6941743
-1.6430517,7.2664757,-1.2661934
-1.3821054,3.1834116,2.5338032
3.981255,-0.20909502,0.9407484
0.40835026,-3.023501,-3.3155422
1.2400861,3.1112108,-1.8704122
0.8767511,1.0350668,2.7914767
-1.9576528,-3.888923,-0.23146118
-0.048082344,-6.5086646,-0.11943367
-0.22357343,-6.190848,-1.5796866
-1.054268,-5.7420483,-0.27057278
-0.68650156,-5.7530465,-1.3737588
-0.22803055,-6.1374917,-0.28876278
-1.1413708,-4.613048,-0.7309256
-0.6850386,-5.5275655,-0.50675875
1.734459,-4.948373,0.37679267
-2.8323953,-3.6446311,-0.28952643
0.11832533,-6.2561555,-0.55791473
0.55518085,1.0077406,-3.102838
-1.1118937,-5.821815,0.8338139
0.46046293,4.3186016,0.48447752
-0.7001386,-6.0679502,-0.40708426
-2.9881861,-3.2484505,-0.78224885
1.5030392,3.8624723,0.80445695
0.4284171,0.29953632,-0.08311826
-0.96616846,-5.7787805,-0.28940058
4.299925,-0.8066848,0.07513501
1.4360934,3.4832163,0.73318994
-0.9371411,-4.6158175,-0.78759086
-0.23214275,-6.4194617,-0.20356622
0.54111475,0.9052905,-2.6821864
-2.7166202,-2.406052,0.002729972
-1.7979069,3.5882013,0.12998872
2.1745176,0.3643405,2.908541
4.3309293,-0.39154226,1.0928787
-0.9782185,-3.5678408,-2.6760244
-0.6612347,-5.465768,-0.59236044
-0.8588847,-5.650424,-0.45369536
-1.0184957,-5.755004,0.0020888178
0.114276595,-6.2178707,-0.59215075
-0.9654484,-4.0263,-0.81148076
-1.4869069,-5.554846,0.2391688
-0.05319649,-6.447038,-0.35493597
0.040495895,3.9441092,-1.1617645
0.47717845,0.0870857,-0.8591277
-1.9005548,2.3225253,-1.090044
-1.8395402,-4.3221464,0.22583543
1.264819,4.494703,0.6767655
0.7502061,4.5979104,0.14170651
1.0493224,4.151535,0.3536646
-0.3378019,-0.77925664,-0.9116343
-2.5445526,-3.9130418,-0.511692
0.071924396,0.49826574,-0.40353587
0.8303539,2.5157478,0.23680204
-0.52505565,-2.975025,-0.8674443
-0.17666668,-6.1837196,0.2269118
0.72397614,-0.4603165,-0.5189263
0.52602315,-5.9529743,-1.2845101
0.86360383,4.5233593,-0.9808493
-0.8300257,-1.9510934,0.07729023
-1.0364289,-5.8018823,-0.18275407
2.3916287,1.5872502,-1.0343739
-0.55326164,0.048327558,-0.3660523
-1.9955533,-2.8745918,-1.4164182
0.97849584,1.11944,0.21746942
2.390643,1.5227885,1.4849281
-0.7177284,-4.2272377,-1.0929507
0.6671892,-6.5508986,0.030213738
-1.0231508,-4.718397,-0.6081768
-1.615713,2.2360492,-1.3701175
-0.90930605,-5.473411,-0.3886934
-0.024022067,-6.1744695,-1.1820825
0.6966093,0.975766,3.1817677
-1.2069122,-4.209372,-0.07282592
0.8832863,1.3867499,-0.1580311
-0.18683892,0.071513034,-0.36100134
1.1196103,2.784301,1.6372393
-2.0080733,2.3562126,-0.6315502
-0.02340203,-6.2399874,-0.41695487
0.100568846,-0.29867464,-1.0194039
-3.0507293,-3.369423,0.20958169
-1.4563845,-3.1129673,-1.1361823
-0.9397254,-5.6391344,-1.2895172
-0.040489834,-6.4171214,-0.26056606
-1.1586149,-3.6137452,-2.3367896
-0.11336855,-5.934742,-0.4566799
-1.835172,1.8436986,-2.150231
-1.3076261,-6.3572025,1.2460433
-3.3116884,1.809082,-2.223063
-1.4769166,-3.9913664,-1.0071871
-0.17416164,4.9922395,0.7043018
-1.0252444,-5.7313256,-0.24232504
1.6757646,0.72281146,-1.781347
-1.0329754,-5.8145504,-0.21316366
0.33919603,-4.818345,-0.09421462
0.12622926,-6.6730275,0.008025747
-2.0893266,-2.3099704,0.36754227
1.3940266,-6.0431075,-0.3500407
-0.77277213,-6.1549244,-0.27411792
-1.025438,-6.141425,1.2383889
-1.5548415,-2.9013267,-0.99607354
1.5693163,2.7408762,-0.78866816
-1.3327909,2.716916,-2.6021838
-0.120111845,0.39776924,0.18522996
-1.7370975,1.4889284,-2.4684849
-0.80488956,7.188518,-0.2888116
-0.015525015,-5.0581145,-0.30295745
-2.3567715,-4.4269166,0.48815224
0.59416187,-1.0566088,-0.4324056
-1.1428608,-1.877025,0.45638457
0.12870853,-6.662499,-0.75836766
-0.521651,-3.7782052,-1.3859116
0.49869585,0.76473534,-2.8658888
-1.3000649,3.5938945,1.4341115
-0.9370112,-5.4146323,-0.34751272
-1.0211464,-4.9412436,-0.68718606
-0.34732074,6.7785826,0.89415526
1.2040992,3.9798472,-0.2991523
-0.70187753,-4.2413936,-1.7274593
-0.9247384,-5.451666,-0.4817297
-1.3498348,3.0285995,1.5345048
-0.011437994,-6.574766,-0.022818105
-0.014812834,-6.2446065,-0.42092508
-2.2155733,-2.995498,0.26409617
3.1613772,1.588553,0.8084546
0.6580052,-5.767416,-1.4263324
0.005751524,-5.7717376,-0.81835854
-1.0185554,-3.765194,-0.76073766
-0.04559379,-6.118799,-1.9015713
-0.22261003,-6.4057255,-0.22683585
0.66146755,0.41951716,0.5566565
-0.28651392,-6.4233017,-0.021448368
3.1276956,1.7302554,1.2264833
-0.17078969,-3.0727835,-0.9769456
0.66821647,1.0485315,-1.0512882
-1.2432898,-3.740586,-0.544524
1.5785688,2.4881964,1.2151028
-0.04705639,-5.673412,-0.9331077
2.2768197,0.8880294,1.6806136
-2.1904705,3.3027885,0.11332828
0.0074737407,-6.5411086,0.06654595
-0.9814092,7.2546086,0.9144385
-1.5704865,2.9951973,-2.33833
-0.020593688,-5.6493454,-0.945937
-1.1053898,-3.4393604,-2.323124
-3.0173635,1.7297192,1.3574537
-0.9951619,-4.1464376,-0.56633526
-0.47141224,4.252501,-0.48516807
-3.0974343,-2.3730342,0.2011134
-1.0351696,-5.7929173,-0.28176785
-0.08572945,-6.5031986,-0.13774227
1.1926097,-0.6457709,1.85465
-2.5782065,-3.996253,-0.3948266
-0.050820887,-5.966143,-0.45012683
-0.7000374,3.6435947,-0.15901752
-1.0132399,-3.5958145,-0.6843445
-1.6022894,-2.7854633,-1.0541726
2.0713365,-2.7065558,-1.1324364
-1.7021867,-3.9725327,-0.32500622
-0.8450735,-5.623794,-1.1784027
0.41359898,-1.5104781,-2.4532497
0.2917752,-6.368623,-1.2243267
-1.5719919,-3.7279778,0.10564802
0.738626,2.5644128,-1.2531482
-1.4499106,-3.0689812,-0.44256854
-2.0634196,-3.3154483,0.5474095
0.08813968,-6.676978,-0.7033185
-0.9653306,-3.2533662,-1.6208512
2.9744294,-0.27556038,0.58863735
-1.0058162,-5.7087674,-0.7349868
-0.8564308,-5.8999205,0.036988955
-1.1027585,-4.0404267,-0.7620216
0.76656216,0.723831,2.7762635
0.013641095,-6.5452914,-0.07737243
-0.34449217,-6.608642,-0.59769243
1.0345023,0.90745234,0.7850205
-0.35742155,-6.595713,-0.59769243
-0.7901437,-5.157739,-0.5254766
-0.80112505,-3.5804255,-0.41336355
-0.9159706,-5.2679954,-0.52337545
0.1826068,-6.1630154,-1.2700125
-1.020726,-5.7538886,0.0032039313
-0.05971191,-6.4256186,0.016234312
-0.91913044,-4.5061727,-0.5355572
-0.9869603,-3.790058,-1.2805686
0.5900707,-2.2220054,-3.1204746
0.3012167,-2.200924,-1.4330964
-1.2745178,3.5547397,1.5214467
1.2899221,2.4693117,-0.27767146
-1.4518209,3.1678681,-1.9560173
-0.047044896,-6.0709352,-0.47353137
2.624952,1.2359649,0.5305982
-0.23454653,-6.449243,-0.9435671
1.9642383,2.896574,1.0834407
-0.02369928,-3.8446598,-0.44647655
1.1890322,-0.7262143,0.8114135
-0.026758648,-4.998263,-0.24247225
1.8207356,3.1317816,1.1064451
-0.18193828,-5.0080214,-0.4018131
-0.24177988,-6.1316237,-0.2808814
1.707277,-1.8908767,0.1176305
-0.012542012,-6.0503325,-0.49093702
0.166348,-5.938082,-1.7692577
-1.6640184,2.5329282,-0.13753198
1.6139572,1.726501,1.3670365
1.1282759,3.0830836,0.25845334
-1.3994843,-4.1716905,-0.7315481
-2.4351156,-3.325762,-0.9135502
-1.5052233,7.4517817,0.9637465
-0.6986906,-6.009736,-0.42396066
-3.3695467,-2.811687,0.8451511
0.7887609,0.66109395,0.81907034
-3.1395211,-3.2431273,0.17207845
-0.07021943,-3.8672018,-1.0820868
-1.1209875,-5.5842724,-0.16198887
-2.4149356,-3.1119974,-1.455963
-1.5748928,-3.1564121,-0.75113034
-0.8302235,-3.9731576,-1.6986798
-2.4701507,-3.900719,-0.5984177
1.050901,2.3364127,0.66741407
0.39553493,-2.146131,-0.8447648
0.65698534,-4.6191616,-2.4216764
4.340906,-0.69208413,1.0014166
0.12764351,-6.3501472,0.011802152
-0.0551363,-6.454588,0.042634804
0.0051974207,-6.403096,-1.1825051
-1.0536321,-3.3003724,-1.578487
1.3841473,3.337975,0.7126854
0.90411305,4.2029104,0.72160214
0.36534858,-3.2358146,-2.5663054
-1.3331726,-5.630402,0.15705007
0.8588976,-3.895771,-1.5845075
-0.3769701,-5.8739977,-0.56305397
-0.050820887,-5.966143,-0.45012683
0.5436173,-2.2694502,-3.0811808
-0.029937794,-2.9539764,-1.0123198
-1.5524056,-2.7923336,0.33867612
-1.3630483,-5.731432,-0.046231013
-0.23699306,-3.0024757,-1.085112
-1.998234,2.3045094,-0.18580393
2.8163433,1.4636347,0.495669
-0.41686162,2.7147753,-2.198422
-0.05211828,-6.6328516,0.008788837
-3.3302557,1.7226844,-2.404295
-0.9643973,-5.4625397,-1.4736489
0.20646079,-1.1190892,-1.8141901
2.3850217,1.3067977,1.9043951
-0.5798935,-3.8630948,-0.14697266
2.223872,1.2723677,1.7659444
-3.196936,1.6873775,-2.4667366
0.664319,-4.298675,-0.35233578
-0.9477267,-5.5434513,-1.3090938
0.47669783,-5.8375535,-1.8741778
-0.65514153,-6.248061,-0.09335701
-2.6360836,-3.1328611,-1.9496078
-1.0011075,-5.501963,-0.38799927
-0.4136694,-2.3927917,-0.28390172
0.17413022,0.102357395,-2.4539602
-0.18285255,-6.1872926,-0.28414005
1.5335797,3.1557846,0.7608084
-0.55719227,-5.9301114,-1.6077695
-1.8414884,2.102592,-0.27523637
0.35276976,-1.666329,-2.7121596
-0.6774714,-6.0223722,-0.4325435
0.60065603,-6.540772,0.0048006685
-1.7822886,1.4560385,-2.4703476
-0.9511594,-4.9247375,-1.1432909
-1.1033736,-5.5248413,-0.24804431
0.073514625,-6.19835,-0.3422538
-1.1541976,-5.2759237,-1.5195247
-0.54118586,4.677143,0.8783933
-0.81489277,-5.6574426,0.34277174
0.043470725,-4.782692,-0.5501768
1.1387322,-0.20220266,-2.1147118
1.426371,2.6303883,1.9416277
-0.8889321,-3.9674466,-0.5936177
-1.4067135,2.6521204,2.4963355
1.1047044,2.9190133,-1.0843577
-3.1915555,1.8329618,-2.1179926
-0.643464,-4.1915774,-0.6867741
4.293387,-0.2710723,1.0971771
-2.0949543,-2.766108,0.2822769
1.916582,3.2213438,0.8930437
4.105579,-0.4310476,1.3538568
-0.9825729,-4.1850233,-0.5366215
-0.5297036,0.31814542,0.77594316
0.6149864,-1.3294355,-1.1524185
1.1645688,3.526306,1.6871694
-0.103825495,-6.481331,0.0032162275
-0.31518793,-3.0097668,-1.0783587
-0.893127,-5.31271,-0.41478038
0.05221176,-5.7507586,-0.91732955
-1.8398565,-3.036151,-1.2938956
-0.8544443,-5.831338,0.0182556
1.754492,-2.918673,-3.3495455
0.73692,-6.1567025,-0.46873376
0.82139987,-2.1538467,-0.03278575
2.8570428,0.5614393,0.17618634
-2.1224496,1.7785295,-2.4779015
-0.02470379,-5.9329934,-0.5093927
2.5968966,1.8507631,0.6004706
0.26645538,-6.4592733,-0.24326086
-0.41693074,-5.431661,-1.0274938
0.7890181,-6.074197,-1.6289922
-1.1126459,3.6287985,1.2270373
-1.650471,-3.6010396,-0.6556891
-0.83180296,-5.397922,-0.48963758
-1.9341291,4.581301,-1.6841545
0.33957598,0.6923378,0.72381616
0.04764962,-2.890379,-0.5385441
-1.5521644,2.3105721,-2.57056
-0.9112256,-4.3126993,-0.77251077
0.5543088,1.7222935,1.4872773
1.6060367,1.8358713,2.0788205
0.0023448411,-6.5633965,-0.04797149
-2.0617666,-2.7213075,-0.32486972
-1.0937822,-3.3902957,-2.1638532
-1.7782145,-3.9412382,-0.25484383
-0.542243,3.5767686,0.69647425
0.122733854,-6.0261264,-1.839932
3.068163,1.5572646,0.7566195
0.8029924,-5.9688654,-0.2561827
-2.8413024,-2.9230266,0.11307932
-0.78870714,-5.4569902,-0.42182904
-0.65846497,-6.1194468,0.007826088
2.3720355,2.158745,0.7514943
0.78755206,-2.6825871,-1.7400368
-1.7587551,-3.7906003,-0.118244626
0.11513199,-1.2537029,-3.7419467
-0.034890924,-2.0045552,1.0368372
-0.6888571,5.5933547,0.91003686
-0.35320672,-4.079298,-1.2527272
-2.8443916,2.6967504,-0.5413668
-0.09728013,-6.4902215,0.0055616256
1.1049356,-0.36470285,-0.24579033
0.528528,0.9009718,-1.9995158
-2.5840082,-3.4197083,-1.0694761
-2.095659,-2.7778256,0.29469886
-0.6476869,-3.177407,-0.28457433
-0.64139616,3.7449768,-0.2091602
0.8103978,-5.1356096,-0.93478525
-0.71943605,-5.778827,-1.6492304
-2.9346614,1.745612,-2.4133532
1.0178932,1.0555655,0.6535163
-0.56378525,-4.127419,-0.44125593
2.4588304,2.6791644,1.1172966
-1.0273815,-5.6942215,0.13552763
-0.85731393,-5.111289,-0.46973696
-0.21638939,-6.176032,-0.19536145
0.021847116,-6.5497193,-0.081151046
-3.0971048,-3.2077456,0.094280705
1.8920755,0.23305401,2.7203703
-2.396612,-3.7565417,-0.32537177
0.5608024,1.731567,-1.5013968
-0.2449858,-3.0082054,-1.0713896
-1.9827461,1.9896783,-1.3601382
0.6837737,2.025772,-2.830966
-0.68161815,-5.8242874,-1.5211436
1.8714172,-1.543427,0.95490503
1.8277951,3.0655453,0.9455934
1.3294666,3.7403727,0.3002296
0.46815354,-2.1969094,-0.16497415
3.137161,-0.7392453,0.7906092
-1.1052983,-5.6922584,-0.269332
-0.7142316,-5.736799,-1.3492401
-0.7012662,-4.0626416,-1.1318274
-1.32636,-2.9370916,0.250035
-0.7440077,-3.6110482,-1.567393
-1.7889173,1.4932513,-2.434312
0.003425273,-6.5630097,-0.04943796
-0.5611816,-6.1301103,-0.28709564
-1.525024,-3.1248877,-0.8062361
0.0956145,2.2432735,-2.3649554
3.559923,-2.87973,-0.3655176
0.27935353,-3.094716,-2.618145
4.132541,-0.39571604,1.047819
-0.50878274,-6.204788,-0.013728078
1.520688,3.2404337,0.89137846
-0.32067317,-6.3717837,0.24783507
-1.2581335,-5.8114443,0.3249326
-0.8294528,-3.7319984,-0.6956745
-0.46167246,-5.665713,-0.54786575
-0.19352633,-6.447428,0.23403294
-0.71647066,-6.058423,-0.40027907
2.9895225,-1.641974,-0.2064164
-0.0296145,-6.1635056,-0.09289203
-1.16577,-5.3027105,-1.549271
0.529351,3.6456885,-0.42388612
1.5393567,3.868415,0.6397291
1.6145835,3.1479526,0.81539565
-0.7169515,5.595844,0.93564224
-1.0232149,-5.0628543,-0.5254709
0.7883801,1.3544173,-0.7167084
-1.0529766,-5.774931,0.22448935
-0.5466492,0.042713296,-0.31565493
-0.8442674,-3.7170389,-0.7164555
-2.4991083,-2.402028,0.93192214
1.1437556,-2.053232,1.168533
0.2224848,4.159384,-1.8593916
-1.1370491,-4.453235,0.15864642
1.9413646,1.3526279,1.2430705
-0.655653,-6.0652547,-0.4114792
-1.5975538,3.7379305,-0.49802175
-0.28214645,-0.82575244,-0.92079407
-1.5344216,-2.7658293,-0.32579142
-1.4474304,7.288612,-0.20671372
-1.2233899,2.873223,2.401395
-2.9751256,-3.162313,0.24462792
-1.452255,-4.3866076,-0.2769459
-1.2607536,-4.647341,-0.16127081
-0.003030202,-5.7095118,-0.837278
-1.8855891,-3.9890046,0.017784823
-1.5997365,-2.7826579,-1.0595312
0.017115006,0.83362305,2.2237568
-0.74437153,-4.6921186,-0.7641419
-1.0885481,-5.1352243,-0.67947155
-1.581436,-2.7550385,-1.1007034
1.5094985,4.235151,0.8614329
-1.9380254,-3.0426335,-1.3186125
1.2916276,-0.24728957,-0.258322
-0.37149906,-6.0390377,-0.18521714
-0.23039557,-6.1677527,-0.25613585
0.17218356,-0.89132804,-0.010876899
0.636251,-3.1415553,-1.5294211
0.031485416,-1.3696232,-3.5568562
-0.5352838,-6.026093,-1.2552836
0.39902487,-2.7407365,-1.0685366
-0.12823077,0.07898389,-0.42708057
-0.43301186,-5.8739457,-0.5498498
-1.2909017,3.6098468,1.4827237
-2.3516352,-4.445596,0.09659313
-0.9639086,-3.4661868,-0.7797691
-0.11087438,-6.4568005,-0.2874957
-0.15136676,-6.196905,-0.2678491
-0.049588844,-6.5373216,-0.08927046
-0.8902952,-5.920316,0.075927354
-0.08186348,-6.2026095,-0.39587232
-0.16785574,-4.0019884,-0.4777124
-0.85648245,0.78960174,-0.25501308
-2.8949971,-2.9737732,-1.4391819
0.9230978,1.525149,-0.55946887
-0.12848896,-6.432276,-0.15247288
-1.5265077,-3.124287,-0.80535376
0.39227745,-0.002041807,-0.90186125
-1.4463443,-4.04391,-0.81741834
0.485432,-0.20271175,0.004727822
2.2573125,-1.7097752,-0.43242002
0.9482596,-2.766522,-1.707139
-1.1425415,-5.2858725,-1.521232
3.0507672,0.66991,-0.26532876
-0.9487355,-5.0013213,-0.603984
0.08580573,-6.282467,-1.4323376
-0.70021635,-4.95773,-0.39637053
1.3836343,1.7565728,2.061598
-2.123831,-3.3618958,-0.98227733
1.4684235,1.2261454,2.1561725
-1.9003412,-4.877604,0.7522488
0.306696,-6.2535954,-1.4296018
0.5141608,-3.151626,-1.3505621
-1.1179035,-5.858668,-0.16413872
2.833718,-3.2230234,-0.50082797
-1.7178887,-3.3204932,-0.57480186
-1.3191158,3.0202658,2.2446172
0.12151944,-6.202738,-0.47259367
-1.1954454,-5.6971164,-0.24814902
-0.51356786,-6.1990924,-0.014639389
-0.73414654,-6.051366,-0.21297792
2.145755,-1.036798,-1.2501749
0.009725777,-6.548112,-0.0706365
1.911098,-1.948679,0.4890057
-0.08169825,-5.7035193,-0.8368266
-0.80504763,-5.4562764,-0.49292472
-1.0021818,-5.729893,-0.7604655
-0.6963097,-6.021652,-0.41442433
2.9803057,0.5681957,0.21142991
0.8838235,-6.157759,-0.5072855
-1.796603,-4.023057,-0.0658471
2.5015862,-2.2069988,-1.8452842
-1.859907,-4.008743,-0.10981259
1.2277529,4.440843,0.8033707
0.48972407,4.282954,0.49086276
0.9748838,3.6185484,-1.347415
-0.4693211,-1.6195687,0.7476559
0.5274192,-1.5546669,-1.4181786
3.4169257,-1.0305858,0.658426
-0.97236186,7.3437934,0.9462085
4.2860265,-0.27357206,0.9745801
-0.107132286,-6.481409,0.0066012014
-0.7994592,-5.9489503,0.029047191
-0.14937043,-4.626826,-0.2087622
0.11664578,-6.656874,-0.7519293
-1.1256388,-5.858346,-0.15672539
1.0482098,0.9282589,0.7505062
-1.0559064,-3.242217,-1.6691388
-0.08227324,-5.9999394,-0.3848762
-0.76642525,-5.766409,-0.43016922
0.8408503,0.15558183,0.32649308
